{"cameraMode":{"drawMode":0,"name":"Shaded","section":"Shading Mode"},"sceneLighting":false,"audioPlay":false,"sceneViewState":{"m_AlwaysRefresh":false,"showFog":false,"showSkybox":false,"showFlares":false,"showImageEffects":false,"showParticleSystems":false,"showVisualEffectGraphs":true,"m_FxEnabled":true},"in2DMode":false,"pivot":{"x":-8.751209259033204,"y":-0.09239549934864044,"z":-19.65937614440918},"rotation":{"x":-0.004293231293559074,"y":0.9806028008460999,"z":-0.022085940465331079,"w":-0.19489265978336335},"size":11.828885078430176,"orthographic":false}