{"cameraMode":{"drawMode":0,"name":"Shaded","section":"Shading Mode"},"sceneLighting":false,"audioPlay":false,"sceneViewState":{"m_AlwaysRefresh":false,"showFog":false,"showSkybox":false,"showFlares":false,"showImageEffects":false,"showParticleSystems":false,"showVisualEffectGraphs":true,"m_FxEnabled":true},"in2DMode":false,"pivot":{"x":2.8698902130126955,"y":-2.0181844234466554,"z":-20.42557144165039},"rotation":{"x":0.0034319190308451654,"y":0.9963509440422058,"z":-0.046358559280633929,"w":0.07216925173997879},"size":13.907422065734864,"orthographic":false}