{"cameraMode":{"drawMode":2,"name":"Shaded Wireframe","section":"Shading Mode"},"sceneLighting":true,"audioPlay":false,"sceneViewState":{"showFog":false,"showMaterialUpdate":false,"showSkybox":false,"showFlares":false,"showImageEffects":false,"showParticleSystems":false},"in2DMode":false,"pivot":{"x":-7.372556209564209,"y":2.4505748748779299,"z":-1.2319884300231934},"rotation":{"x":-0.026291077956557275,"y":0.6825107336044312,"z":-0.02458113059401512,"w":-0.7299913167953491},"size":7.0818562507629398,"orthographic":false}